reporter_affiliates,reporter_services,reporter_regions,reporter_locations,reporter_programs
Family Services,,Montgomery,1010 Grandin Ave,Family Discovery Center
Family Services,,Montgomery,1010 Grandin Ave,Safe Passage
Family Services,,Montgomery,10222 Ridgeline Dr,Residential Rehabilitation- MS
Family Services,,Montgomery,10252 Ridgeline Dr,Residential Rehabilitation- MS
Family Services,,Montgomery,10345 Battleridge Place,Residential Rehabilitation- MS
Family Services,,Montgomery,"11002 Viers Mill Rd, Suite 510 (Westfield South Office Building)",Montgomery Works Therapy Services
Family Services,,Montgomery,12038 Chestnut Glen Rd,Residential Rehabilitation- MS
Family Services,,Montgomery,12136 Pond Pine,Residential Rehabilitation- MS
Family Services,,Montgomery,12204 Cypress Spring,Residential Rehabilitation- MS
Family Services,,Montgomery,12900 Middlebrook Rd.,Regional Youth Services
Family Services,,Montgomery,13 Shuttle Court,Residential Rehabilitation- MS
Family Services,,Montgomery,13012 Clarksburg Square,Residential Rehabilitation- MS
Family Services,,Montgomery,13018 Blacksmith Dr,Residential Rehabilitation- MS
Family Services,,Montgomery,13202 Meander Cove Drive,Supported Housing-MS
Family Services,,Montgomery,13227 Waterford Hills Blvd,Residential Rehabilitation- MS
Family Services,,Montgomery,13229 Waterford Hills Blvd,Residential Rehabilitation- MS
Family Services,,Montgomery,13231 Waterford Hills Blvd,Residential Rehabilitation- MS
Family Services,,Montgomery,13310 Georgia Ave,Residential Rehabilitation- MS
Family Services,,Montgomery,13560 Waterford Hills Blvd,Residential Rehabilitation- MS
Family Services,,Montgomery,15825 Shady Grove Road,Care and Connection for Families
Family Services,,Montgomery,15825 Shady Grove Road,HIP
Family Services,,Montgomery,18514 Hickory Meadow Drive,Supported Housing-MS
Family Services,,Montgomery,18516 Hickory Meadow Drive,Supported Housing-MS
Family Services,,Montgomery,18945 Quail Valley Blvd,Residential Rehabilitation- MS
Family Services,,Montgomery,200 Girard,Administration
Family Services,,Montgomery,20002 Hoffstead,Residential Rehabilitation- MS
Family Services,,Montgomery,22530 Gateway Center Dr,CDC- Watch Me Grow
Family Services,,Montgomery,23416 Rainbow Arch Dr,Residential Rehabilitation- MS
Family Services,,Montgomery,23434 Tailorshop Pl,Residential Rehabilitation- MS
Family Services,,Montgomery,23439 Tailorshop Pl,Residential Rehabilitation- MS
Family Services,,Montgomery,23528 Forest Haven Way,Supported Housing-MS
Family Services,,Montgomery,23556 Forest Haven Way,Supported Housing-MS
Family Services,,Montgomery,23558 Forest Haven Way,Supported Housing-MS
Family Services,,Montgomery,610 E. Diamond Ave. Suite 100,RA1SE
Family Services,,Montgomery,610 E. Diamond Ave. Suite 100A (Clinic),Home Based Counseling
Family Services,,Montgomery,610 E. Diamond Ave. Suite 100A (Clinic),OMHC
Family Services,,Montgomery,610 E. Diamond Ave. Suite 500,Administration
Family Services,,Montgomery,610 E. Diamond Ave. Suite 500,Thriving Germantown
Family Services,,Montgomery,620 E. Diamond Ave. Suite H,Creating Healthy Bonds
Family Services,,Montgomery,620 E. Diamond Ave. Suite H,Mental Health- Linkages to Learning
Family Services,,Montgomery,620 E. Diamond Ave. Suite H,Regional Youth Services
Family Services,,Montgomery,620 E. Diamond Ave. Suite H,Social Services- Linkages to Learning
Family Services,,Montgomery,620 E. Diamond Ave. Suite H,The Landing
Family Services,,Montgomery,620 E. Diamond Ave. Suite L (HR),Administration
Family Services,,Montgomery,620 E. Diamond Ave. Suite M (Admin),Administration
Family Services,,Montgomery,630 E. Diamond Ave.,Community Employment- MS
Family Services,,Montgomery,630 E. Diamond Ave.,Day Program- MS
Family Services,,Montgomery,630 E. Diamond Ave.,Health Home
Family Services,,Montgomery,630 E. Diamond Ave.,Supported Living- MS
Family Services,,Montgomery,630 E. Diamond Ave.,The Landing
Family Services,,Montgomery,640 E. Diamond Ave. Suite A,CDC- Early Head Start
Family Services,,Montgomery,640 E. Diamond Ave. Suite A,Early Head Start- Home
Family Services,,Montgomery,640 E. Diamond Ave. Suite D,Early Childhood Ed & Train
Family Services,,Montgomery,640 E. Diamond Ave. Suite D,Healthy Families
Family Services,,Montgomery,678 West Side Dr,Residential Rehabilitation- MS
Family Services,,Montgomery,7253 Mill Crest Terrace,Supported Housing-MS
Family Services,,Montgomery,8941 Centerway Court,Residential Rehabilitation- MS
Family Services,,Montgomery,9142 Turtle Dove Lane,Residential Rehabilitation- MS
Family Services,,Montgomery,9168 Turtle Dove Lane,Supported Housing-MS
Family Services,,Montgomery,938 West Side Dr,Residential Rehabilitation- MS
Family Services,,Montgomery,9540 Fern Hollow Way,Supported Housing-MS
Family Services,,Montgomery,9904 Ridgeline Dr,Residential Rehabilitation- MS
Family Services,,Montgomery,BAK Shelter,Betty Ann Krahnke Shelter
Family Services,,Montgomery,Community -- Montgomery County,Administration
Family Services,,Montgomery,Community -- Montgomery County,Betty Ann Krahnke Shelter
Family Services,,Montgomery,Community -- Montgomery County,Care and Connection for Families
Family Services,,Montgomery,Community -- Montgomery County,CDC- Early Head Start
Family Services,,Montgomery,Community -- Montgomery County,CDC- Watch Me Grow
Family Services,,Montgomery,Community -- Montgomery County,Creating Healthy Bonds
Family Services,,Montgomery,Community -- Montgomery County,Thriving Germantown
Family Services,,Montgomery,Forest Oak Middle School,Mental Health- Linkages to Learning
Family Services,,Montgomery,Forest Oak Middle School,Social Services- Linkages to Learning
Family Services,,Montgomery,Fox Chapel Elementary School,Mental Health- Linkages to Learning
Family Services,,Montgomery,Fox Chapel Elementary School,Social Services- Linkages to Learning
Family Services,,Montgomery,Gaithersburg Elementary School,Mental Health- Linkages to Learning
Family Services,,Montgomery,Gaithersburg Elementary School,Social Services- Linkages to Learning
Family Services,,Montgomery,Gaithersburg High School,Regional Youth Services
Family Services,,Montgomery,Gaithersburg Middle School,Mental Health- Linkages to Learning
Family Services,,Montgomery,Gaithersburg Middle School,Social Services- Linkages to Learning
Family Services,,Montgomery,Maryvale Elementary School,Mental Health- Linkages to Learning
Family Services,,Montgomery,Rosemont Elementary School,Mental Health- Linkages to Learning
Family Services,,Montgomery,Rosemont Elementary School,Social Services- Linkages to Learning
Family Services,,Montgomery,South Lake Elementary School,Mental Health- Linkages to Learning
Family Services,,Montgomery,South Lake Elementary School,Social Services- Linkages to Learning
Family Services,,Montgomery,Summit Hall Elementary School,Mental Health- Linkages to Learning
Family Services,,Montgomery,Summit Hall Elementary School,Social Services- Linkages to Learning
Family Services,,Montgomery,Washington Grove Elementary School,Mental Health- Linkages to Learning
Family Services,,Montgomery,Washington Grove Elementary School,Social Services- Linkages to Learning
Family Services,,Montgomery,18616 Grosbeak Terrace,Residential Rehabilitation- Independence
Family Services,,Prince Georges,14235 Oak Pointe Drive,Residential Rehabilitation- Independence
Family Services,,Prince Georges,15630 Mews Court,Residential Rehabilitation- Independence
Family Services,,Prince Georges,6807 Trexler Rd,Residential Rehabilitation- Independence
Family Services,,Prince Georges,6812 Trexler Rd,Residential Rehabilitation- Independence
Family Services,,Prince Georges,6824 Nashville Rd,Residential Rehabilitation- Independence
Family Services,,Prince Georges,6829 Nashville Rd,Residential Rehabilitation- Independence
Family Services,,Prince Georges,6951 Mayfair Terrace,Residential Rehabilitation- Independence
Family Services,,Prince Georges,7103 Marywood St,Residential Rehabilitation- Independence
Family Services,,Prince Georges,8908 Woodburn Ct,Residential Rehabilitation- Independence
Family Services,,Prince Georges,8911 Oak Lane,Residential Rehabilitation- Independence
Family Services,,Prince Georges,Barnaby Manor Elementary School,Transforming Neighborhood Initiatives
Family Services,,Prince Georges,Beacon Heights Elementary School,Transforming Neighborhood Initiatives
Family Services,,Prince Georges,Benjamin Stoddert Middle School,Transforming Neighborhood Initiatives
Family Services,,Prince Georges,Carole Highlands Elementary School,Transforming Neighborhood Initiatives
Family Services,,Prince Georges,Community -- Prince George's County,Administration
Family Services,,Prince Georges,Langley Park McCormick Elementary School,Transforming Neighborhood Initiatives
Family Services,,Prince Georges,Oxon Hill Middle School,Transforming Neighborhood Initiatives
Family Services,,Prince Georges,Potomac High School,Transforming Neighborhood Initiatives
Family Services,,Prince Georges,14202 Oak Pointe,Residential Rehabilitation Program
Family Services,,Prince Georges,Riverdale Elementary School,Transforming Neighborhood Initiatives
Mosaic,,Alliance,7201 Corporate Center Drive (MDOT),Business Services
Mosaic,,Alliance,989 Corporate Blvd (MSP),Business Services
Mosaic,,Alliance,BWI Airport,Business Services
Mosaic,,Alliance,1000 Hilltop Circle (UMBC),Business Services
Mosaic,,Alliance,201 St. Paul Street (St. Paul),Business Services
Mosaic,,Alliance,201 W. Preston St,Business Services
Mosaic,,Alliance,2100 Guilford Avenue,Business Services
Mosaic,,Alliance,234 South Broadway,Business Services
Mosaic,,Alliance,234 South Broadway,Facilities
Mosaic,,Alliance,234 South Broadway,HVRP
Mosaic,,Alliance,234 South Broadway,Support Services to Veterans and Families (SSVF)
Mosaic,,Alliance,2400 E. Fort Ave (Ft. McHenry),Business Services
Mosaic,,Alliance,310/311 West Saratoga Street,Business Services
Mosaic,,Alliance,344 North Ave (MTA),Business Services
Mosaic,,Alliance,500 North Calvert Street,Business Services
Mosaic,,Alliance,6 St. Paul Street (St. Paul),Business Services
Mosaic,,Alliance,707 North Calvert Street (SHA),Business Services
Mosaic,,Alliance,8003 Corporate Drive,Support Services to Veterans and Families (SSVF)
Mosaic,,Alliance,8003 Corporate Drive,Administration
Mosaic,,Alliance,8003 Corporate Drive,Business Services
Mosaic,,Alliance,8003 Corporate Drive,DDA Community Employment
Mosaic,,Alliance,8003 Corporate Drive,DORS Community Employment Preparatory Services
Mosaic,,Alliance,8003 Corporate Drive,Facilities
Mosaic,,Alliance,8003 Corporate Drive,IT
Mosaic,,Alliance,8003 Corporate Drive,Transportation
Mosaic,,Alliance,8003 Corporate Drive,Vocational Services
Mosaic,,Alliance,8003 Corporate Drive,VRS ISS/CSS
Mosaic,,Alliance,HHS Perry Point,Business Services
Mosaic,,Alliance,Aberdeen Proving Grounds C4ISR Complex,Business Services
Mosaic,,Alliance,10903 New Hampshire Ave (White Oak),Business Services
Mosaic,,Baltimore City,1805-D Sherwood Ave,Residential Rehab
Mosaic,,Baltimore City,1805-D Sherwood Ave,zFacilities
Mosaic,,Baltimore City,1805-D Sherwood Rd,Residential Rehab
Mosaic,,Baltimore City,1805-D Sherwood Rd,zFacilities
Mosaic,,Baltimore City,1906-A Ramblewood Rd,Residential Rehab
Mosaic,,Baltimore City,1906-A Ramblewood Rd,zFacilities
Mosaic,,Baltimore City,2010-C Ramblewood Rd,Residential Rehab
Mosaic,,Baltimore City,2010-C Ramblewood Rd,zFacilities
Mosaic,,Baltimore City,2225 North Charles Street,ACT
Mosaic,,Baltimore City,2225 North Charles Street,Addiction Treatment Services
Mosaic,,Baltimore City,2225 North Charles Street,Chesapeake Connections
Mosaic,,Baltimore City,2225 North Charles Street,Community Employment Program
Mosaic,,Baltimore City,2225 North Charles Street,Food Services
Mosaic,,Baltimore City,2225 North Charles Street,Health Home
Mosaic,,Baltimore City,2225 North Charles Street,IT
Mosaic,,Baltimore City,2225 North Charles Street,OCS
Mosaic,,Baltimore City,2225 North Charles Street,OMHC
Mosaic,,Baltimore City,2225 North Charles Street,Psych Rehab Program (Day)
Mosaic,,Baltimore City,2225 North Charles Street,Residential Rehab
Mosaic,,Baltimore City,2225 North Charles Street,Transportation
Mosaic,,Baltimore City,2225 North Charles Street,UR
Mosaic,,Baltimore City,2225 North Charles Street,zFacilities
Mosaic,,Baltimore City,234 South Broadway,Food Services
Mosaic,,Baltimore City,234 South Broadway,Transportation
Mosaic,,Baltimore City,234 South Broadway,UR
Mosaic,,Baltimore City,234 South Broadway,zFacilities
Mosaic,,Baltimore City,2633 Guilford Ave,Residential Rehab
Mosaic,,Baltimore City,2633 Guilford Ave,zFacilities
Mosaic,,Baltimore City,2731 Pelham Ave,Residential Rehab
Mosaic,,Baltimore City,2731 Pelham Ave,zFacilities
Mosaic,,Baltimore City,2766 Pelham Ave,Residential Rehab
Mosaic,,Baltimore City,2766 Pelham Ave,zFacilities
Mosaic,,Baltimore City,2768 Pelham Ave,Residential Rehab
Mosaic,,Baltimore City,2768 Pelham Ave,zFacilities
Mosaic,,Baltimore City,2804 Lake Ave,Residential Rehab
Mosaic,,Baltimore City,2804 Lake Ave,zFacilities
Mosaic,,Baltimore City,2830 Mayfield Ave,Residential Rehab
Mosaic,,Baltimore City,2830 Mayfield Ave,zFacilities
Mosaic,,Baltimore City,2836 Pelham Ave,Residential Rehab
Mosaic,,Baltimore City,2836 Pelham Ave,zFacilities
Mosaic,,Baltimore City,2847 Mayfield Ave,Residential Rehab
Mosaic,,Baltimore City,2847 Mayfield Ave,zFacilities
Mosaic,,Baltimore City,3011 Pelham Ave,Residential Rehab
Mosaic,,Baltimore City,3011 Pelham Ave,zFacilities
Mosaic,,Baltimore City,3027 Chesterfield Ave,Residential Rehab
Mosaic,,Baltimore City,3027 Chesterfield Ave,zFacilities
Mosaic,,Baltimore City,3208 Bayonne Ave,Residential Rehab
Mosaic,,Baltimore City,3208 Bayonne Ave,zFacilities
Mosaic,,Baltimore City,3523 Parklawn Ave,Residential Rehab
Mosaic,,Baltimore City,3523 Parklawn Ave,zFacilities
Mosaic,,Baltimore City,3529 Chesterfield Ave,Residential Rehab
Mosaic,,Baltimore City,3529 Chesterfield Ave,zFacilities
Mosaic,,Baltimore City,4402 C Falls Bridge Dr,Residential Rehab
Mosaic,,Baltimore City,4402 C Falls Bridge Dr,zFacilities
Mosaic,,Baltimore City,4403 C LaPlata Ave.,Residential Rehab
Mosaic,,Baltimore City,4403 C LaPlata Ave.,zFacilities
Mosaic,,Baltimore City,4403 D Falls Bridge Dr,Residential Rehab
Mosaic,,Baltimore City,4403 D Falls Bridge Dr,zFacilities
Mosaic,,Baltimore City,4403 J LaPlata Ave.,Residential Rehab
Mosaic,,Baltimore City,4403 J LaPlata Ave.,zFacilities
Mosaic,,Baltimore City,4407 B LaPlata Ave.,Residential Rehab
Mosaic,,Baltimore City,4407 B LaPlata Ave.,zFacilities
Mosaic,,Baltimore City,4409 E LaPlata Ave.,Residential Rehab
Mosaic,,Baltimore City,4409 E LaPlata Ave.,zFacilities
Mosaic,,Baltimore City,4411 F LaPlata Ave.,Residential Rehab
Mosaic,,Baltimore City,4411 F LaPlata Ave.,zFacilities
Mosaic,,Baltimore City,4412 K LaPlata Ave,Residential Rehab
Mosaic,,Baltimore City,4412 K LaPlata Ave,zFacilities
Mosaic,,Baltimore City,4414 C LaPlata Ave,Residential Rehab
Mosaic,,Baltimore City,4414 C LaPlata Ave,zFacilities
Mosaic,,Baltimore City,4416 F LaPlata Ave,Residential Rehab
Mosaic,,Baltimore City,4416 F LaPlata Ave,zFacilities
Mosaic,,Baltimore City,5800-C Edgepark Rd,Residential Rehab
Mosaic,,Baltimore City,5800-C Edgepark Rd,zFacilities
Mosaic,,Baltimore City,5801-C Hillen Road,Residential Rehab
Mosaic,,Baltimore City,5801-C Hillen Road,zFacilities
Mosaic,,Baltimore City,5805-B Willowton Ave (staff office),Residential Rehab
Mosaic,,Baltimore City,5805-B Willowton Ave (staff office),zFacilities
Mosaic,,Baltimore City,5805-D Willowton Ave,Residential Rehab
Mosaic,,Baltimore City,5805-D Willowton Ave,zFacilities
Mosaic,,Baltimore City,5806-D Ramblewood Rd,Residential Rehab
Mosaic,,Baltimore City,5806-D Ramblewood Rd,zFacilities
Mosaic,,Baltimore City,5810-C Edgepark RD,Residential Rehab
Mosaic,,Baltimore City,5810-C Edgepark Rd,Residential Rehab
Mosaic,,Baltimore City,5810-C Edgepark RD,zFacilities
Mosaic,,Baltimore City,5810-C Edgepark Rd,zFacilities
Mosaic,,Baltimore City,5814-C Edgepark Rd,Residential Rehab
Mosaic,,Baltimore City,5814-C Edgepark Rd,zFacilities
Mosaic,,Baltimore City,616 Bouldin St,Residential Rehab
Mosaic,,Baltimore City,616 Bouldin St,zFacilities
Mosaic,,Baltimore City,DSS Address,Addiction Treatment Services
Mosaic,,Baltimore City,DSS address 2,Addiction Treatment Services
Mosaic,,Baltimore City,2225 North Charles St.,
Mosaic,,Baltimore County East,1 Cartwright Court,Residential Rehab
Mosaic,,Baltimore County East,1 Cartwright Court,zFacilities
Mosaic,,Baltimore County East,2 Breslin Ct. Apt. 2C,Residential Rehab
Mosaic,,Baltimore County East,2 Breslin Ct. Apt. 2C,zFacilities
Mosaic,,Baltimore County East,28 Bohn Ct.,Residential Rehab
Mosaic,,Baltimore County East,28 Bohn Ct.,zFacilities
Mosaic,,Baltimore County East,2918 Glenmore Ave,Residential Rehab
Mosaic,,Baltimore County East,2918 Glenmore Ave,zFacilities
Mosaic,,Baltimore County East,33 Cartwright Ct.,Residential Rehab
Mosaic,,Baltimore County East,33 Cartwright Ct.,zFacilities
Mosaic,,Baltimore County East,4 Breslin Ct. Apt. 2C,Residential Rehab
Mosaic,,Baltimore County East,4 Breslin Ct. Apt. 2C,zFacilities
Mosaic,,Baltimore County East,4 Parham Cir. Apt. 2C,Residential Rehab
Mosaic,,Baltimore County East,4 Parham Cir. Apt. 2C,zFacilities
Mosaic,,Baltimore County East,4415 Bucks Schoolhouse Rd,Residential Rehab
Mosaic,,Baltimore County East,4415 Bucks Schoolhouse Rd,zFacilities
Mosaic,,Baltimore County East,6 Bohn Ct.,Residential Rehab
Mosaic,,Baltimore County East,6 Bohn Ct.,zFacilities
Mosaic,,Baltimore County East,6616 Golden Ring Rd.,Residential Rehab
Mosaic,,Baltimore County East,6616 Golden Ring Rd.,zFacilities
Mosaic,,Baltimore County East,8003 Corporate Drive,Administration
Mosaic,,Baltimore County East,8003 Corporate Drive,BILLING
Mosaic,,Baltimore County East,8003 Corporate Drive,Development
Mosaic,,Baltimore County East,8003 Corporate Drive,Exec Mgr
Mosaic,,Baltimore County East,8003 Corporate Drive,Finance
Mosaic,,Baltimore County East,8003 Corporate Drive,IT
Mosaic,,Baltimore County East,8003 Corporate Drive,Transportation
Mosaic,,Baltimore County East,8003 Corporate Drive,zFacilities
Mosaic,,Baltimore County East,8850 Pennsbury Place,Residential Rehab
Mosaic,,Baltimore County East,8850 Pennsbury Place,zFacilities
Mosaic,,Baltimore County East,9201 Philadelphia Rd.,Addiction Treatment Services
Mosaic,,Baltimore County East,9201 Philadelphia Rd.,Community Employment Program
Mosaic,,Baltimore County East,9201 Philadelphia Rd.,Food Services
Mosaic,,Baltimore County East,9201 Philadelphia Rd.,Health Home
Mosaic,,Baltimore County East,9201 Philadelphia Rd.,OMHC
Mosaic,,Baltimore County East,9201 Philadelphia Rd.,Psych Rehab Program (Day)
Mosaic,,Baltimore County East,9201 Philadelphia Rd.,Residential Rehab
Mosaic,,Baltimore County East,9201 Philadelphia Rd.,Transportation
Mosaic,,Baltimore County East,9201 Philadelphia Rd.,UR
Mosaic,,Baltimore County East,9201 Philadelphia Rd.,zFacilities
Mosaic,,Baltimore County East,9205 Philadelphia Rd.,Residential Rehab
Mosaic,,Baltimore County East,9205 Philadelphia Rd.,zFacilities
Mosaic,,Baltimore County North,10304 Malcolm Cir Apt A,zFacilities
Mosaic,,Baltimore County North,10309 Malcolm Cir Apt E,Residential Rehab
Mosaic,,Baltimore County North,10309 Malcolm Cir Apt E,zFacilities
Mosaic,,Baltimore County North,10310 Malcolm Cir Apt D,zFacilities
Mosaic,,Baltimore County North,10310 Malcolm Cir Apt B,zFacilities
Mosaic,,Baltimore County North,10311 Malcolm Cir Apt B,zFacilities
Mosaic,,Baltimore County North,10311 Malcolm Cir Apt J,Residential Rehab
Mosaic,,Baltimore County North,10311 Malcolm Cir Apt J,zFacilities
Mosaic,,Baltimore County North,10311 Malcolm Cir Apt L,Residential Rehab
Mosaic,,Baltimore County North,10311 Malcolm Cir Apt L,zFacilities
Mosaic,,Baltimore County North,10313 G Malcolm Cir.,Residential Rehab
Mosaic,,Baltimore County North,10313 G Malcolm Cir.,zFacilities
Mosaic,,Baltimore County North,10313 H Malcolm Cir,Residential Rehab
Mosaic,,Baltimore County North,10313 H Malcolm Cir,zFacilities
Mosaic,,Baltimore County North,10313 J Malcolm Cir,Residential Rehab
Mosaic,,Baltimore County North,10313 J Malcolm Cir,zFacilities
Mosaic,,Baltimore County North,10318 Malcom Cir Apt B,zFacilities
Mosaic,,Baltimore County North,10323 Malcolm Cir Apt D,zFacilities
Mosaic,,Baltimore County North,1392 Deanwood Rd,Residential Rehab
Mosaic,,Baltimore County North,1392 Deanwood Rd,zFacilities
Mosaic,,Baltimore County North,1922 Greenspring Dr,Administration
Mosaic,,Baltimore County North,1922 Greenspring Dr,HR
Mosaic,,Baltimore County North,1925 Greenspring Drive,Administration
Mosaic,,Baltimore County North,1925 Greenspring Drive,BILLING
Mosaic,,Baltimore County North,1925 Greenspring Drive,Community Employment Program
Mosaic,,Baltimore County North,1925 Greenspring Drive,Development
Mosaic,,Baltimore County North,1925 Greenspring Drive,Exec Mgr
Mosaic,,Baltimore County North,1925 Greenspring Drive,Finance
Mosaic,,Baltimore County North,1925 Greenspring Drive,HR
Mosaic,,Baltimore County North,1925 Greenspring Drive,IT
Mosaic,,Baltimore County North,1925 Greenspring Drive,OMHC
Mosaic,,Baltimore County North,1925 Greenspring Drive,Risk Mgr
Mosaic,,Baltimore County North,1925 Greenspring Drive,Training
Mosaic,,Baltimore County North,1925 Greenspring Drive,Transportation
Mosaic,,Baltimore County North,1925 Greenspring Drive,zFacilities
Mosaic,,Baltimore County North,1931 Greenspring Drive,Food Services
Mosaic,,Baltimore County North,1931 Greenspring Drive,Health Home
Mosaic,,Baltimore County North,1931 Greenspring Drive,OMHC
Mosaic,,Baltimore County North,1931 Greenspring Drive,Psych Rehab Program (Day)
Mosaic,,Baltimore County North,1931 Greenspring Drive,Transportation
Mosaic,,Baltimore County North,1931 Greenspring Drive,UR
Mosaic,,Baltimore County North,1931 Greenspring Drive,zFacilities
Mosaic,,Baltimore County North,"2400 York Rd., 2nd Fl.",Residential Rehab
Mosaic,,Baltimore County North,"2400 York Rd., 2nd Fl.",zFacilities
Mosaic,,Baltimore County North,304 Ringold Valley Cir,Residential Rehab
Mosaic,,Baltimore County North,304 Ringold Valley Cir,zFacilities
Mosaic,,Baltimore County North,305-M Limestone Valley Dr,Residential Rehab
Mosaic,,Baltimore County North,305-M Limestone Valley Dr,zFacilities
Mosaic,,Baltimore County North,6 Deneison St,Residential Rehab
Mosaic,,Baltimore County North,6 Deneison St,zFacilities
Mosaic,,Baltimore County North,603D Cranbrook Rd,Residential Rehab
Mosaic,,Baltimore County North,603D Cranbrook Rd,zFacilities
Mosaic,,Baltimore County North,605D Cranbrook Rd,Residential Rehab
Mosaic,,Baltimore County North,605D Cranbrook Rd,zFacilities
Mosaic,,Baltimore County North,606E Knollcrest Place,Residential Rehab
Mosaic,,Baltimore County North,606E Knollcrest Place,zFacilities
Mosaic,,Baltimore County North,607 Cranbrook Road Apt G,Residential Rehab
Mosaic,,Baltimore County North,607 Cranbrook Road Apt G,zFacilities
Mosaic,,Baltimore County North,608E Knollcrest Place,Residential Rehab
Mosaic,,Baltimore County North,608E Knollcrest Place,zFacilities
Mosaic,,Baltimore County North,610B Knollcrest Place,Residential Rehab
Mosaic,,Baltimore County North,610B Knollcrest Place,zFacilities
Mosaic,,Baltimore County North,610D Knollcrest Place,Residential Rehab
Mosaic,,Baltimore County North,610D Knollcrest Place,zFacilities
Mosaic,,Baltimore County North,613J Cranbrook Rd,Residential Rehab
Mosaic,,Baltimore County North,613J Cranbrook Rd,zFacilities
Mosaic,,Baltimore County North,8106 Clydebank Rd,Residential Rehab
Mosaic,,Baltimore County North,8106 Clydebank Rd,zFacilities
Mosaic,,Baltimore County North,8154 Glen Gary Rd,Residential Rehab
Mosaic,,Baltimore County North,8154 Glen Gary Rd,zFacilities
Mosaic,,Baltimore County North,Mt. Airy House,Crisis Beds
Mosaic,,Baltimore County North,Mt. Airy House,Residential Rehab
Mosaic,,Baltimore County North,Mt. Airy House,zFacilities
Mosaic,,Baltimore County North,Norris Cottage,Residential Rehab
Mosaic,,Baltimore County North,Norris Cottage,zFacilities
Mosaic,,Baltimore County North,Weinberg House,Crisis Beds
Mosaic,,Baltimore County North,Weinberg House,Residential Rehab
Mosaic,,Baltimore County North,Weinberg House,zFacilities
Mosaic,,Baltimore County West,1023 Lakemont Rd,Residential Rehab
Mosaic,,Baltimore County West,1023 Lakemont Rd,zFacilities
Mosaic,,Baltimore County West,1122 Vernon Ave,Residential Rehab
Mosaic,,Baltimore County West,1122 Vernon Ave,zFacilities
Mosaic,,Baltimore County West,1150 Newfield Rd,Residential Rehab
Mosaic,,Baltimore County West,1150 Newfield Rd,zFacilities
Mosaic,,Baltimore County West,1211 Newfield Rd,Residential Rehab
Mosaic,,Baltimore County West,1211 Newfield Rd,zFacilities
Mosaic,,Baltimore County West,1538 Ingleside Ave,Residential Rehab
Mosaic,,Baltimore County West,1538 Ingleside Ave,zFacilities
Mosaic,,Baltimore County West,20 Winters Lane,Food Services
Mosaic,,Baltimore County West,20 Winters Lane,Health Home
Mosaic,,Baltimore County West,20 Winters Lane,Psych Rehab Program (Day)
Mosaic,,Baltimore County West,20 Winters Lane,Transportation
Mosaic,,Baltimore County West,20 Winters Lane,zFacilities
Mosaic,,Baltimore County West,2121 Frederick Rd,Residential Rehab
Mosaic,,Baltimore County West,2121 Frederick Rd,zFacilities
Mosaic,,Baltimore County West,2125 Frederick Rd,Residential Rehab
Mosaic,,Baltimore County West,2125 Frederick Rd,zFacilities
Mosaic,,Baltimore County West,22 Bloomsbury Ave,zFacilities
Mosaic,,Baltimore County West,2515 Gehb Ave,Residential Rehab
Mosaic,,Baltimore County West,2515 Gehb Ave,zFacilities
Mosaic,,Baltimore County West,27 Mellor Ave,OMHC
Mosaic,,Baltimore County West,27 Mellor Ave,zFacilities
Mosaic,,Baltimore County West,29 Nunnery Lane,Residential Rehab
Mosaic,,Baltimore County West,29 Nunnery Lane,zFacilities
Mosaic,,Baltimore County West,4 Winehurst Rd,Residential Rehab
Mosaic,,Baltimore County West,4 Winehurst Rd,zFacilities
Mosaic,,Baltimore County West,427 Maple Forest Rd,Residential Rehab
Mosaic,,Baltimore County West,427 Maple Forest Rd,zFacilities
Mosaic,,Baltimore County West,430 Maple Forest Rd,Residential Rehab
Mosaic,,Baltimore County West,430 Maple Forest Rd,zFacilities
Mosaic,,Baltimore County West,4320 Highview Ave 1st Floor,Residential Rehab
Mosaic,,Baltimore County West,4320 Highview Ave 1st Floor,zFacilities
Mosaic,,Baltimore County West,4320 Highview Ave 2st Floor,Residential Rehab
Mosaic,,Baltimore County West,4320 Highview Ave 2st Floor,zFacilities
Mosaic,,Baltimore County West,433 Oella Ave,Residential Rehab
Mosaic,,Baltimore County West,433 Oella Ave,zFacilities
Mosaic,,Baltimore County West,5 Bloomsbury Avenue,Community Employment Program
Mosaic,,Baltimore County West,5 Bloomsbury Avenue,Transportation
Mosaic,,Baltimore County West,5 Bloomsbury Avenue,zFacilities
Mosaic,,Baltimore County West,5 BonnieJean Ct,Residential Rehab
Mosaic,,Baltimore County West,5 BonnieJean Ct,zFacilities
Mosaic,,Baltimore County West,55 Briarwood Rd,Residential Rehab
Mosaic,,Baltimore County West,55 Briarwood Rd,zFacilities
Mosaic,,Baltimore County West,5608 Johnnycake Rd,Residential Rehab
Mosaic,,Baltimore County West,5608 Johnnycake Rd,zFacilities
Mosaic,,Baltimore County West,5931 Charnwood Rd,Residential Rehab
Mosaic,,Baltimore County West,5931 Charnwood Rd,zFacilities
Mosaic,,Baltimore County West,60 Winters Lane,Residential Rehab
Mosaic,,Baltimore County West,60 Winters Lane,zFacilities
Mosaic,,Baltimore County West,603 Aldershot Rd,Residential Rehab
Mosaic,,Baltimore County West,603 Aldershot Rd,zFacilities
Mosaic,,Baltimore County West,605 Aldershot Rd,Residential Rehab
Mosaic,,Baltimore County West,605 Aldershot Rd,zFacilities
Mosaic,,Baltimore County West,605.5 Aldershot Rd,Residential Rehab
Mosaic,,Baltimore County West,605.5 Aldershot Rd,zFacilities
Mosaic,,Baltimore County West,612 Lucky Leaf Cir,Residential Rehab
Mosaic,,Baltimore County West,612 Lucky Leaf Cir,zFacilities
Mosaic,,Baltimore County West,6127 Wheatland Rd,Residential Rehab
Mosaic,,Baltimore County West,6127 Wheatland Rd,zFacilities
Mosaic,,Baltimore County West,619 North Bend Rd,Residential Rehab
Mosaic,,Baltimore County West,619 North Bend Rd,zFacilities
Mosaic,,Baltimore County West,6208 Craigmont Rd,Residential Rehab
Mosaic,,Baltimore County West,6208 Craigmont Rd,zFacilities
Mosaic,,Baltimore County West,666 Lucky Leaf Cir,Residential Rehab
Mosaic,,Baltimore County West,666 Lucky Leaf Cir,zFacilities
Mosaic,,Baltimore County West,7 Bloomsbury Avenue,Housing office only HUD
Mosaic,,Baltimore County West,7 Bloomsbury Avenue,Residential Rehab
Mosaic,,Baltimore County West,7 Bloomsbury Avenue,UR
Mosaic,,Baltimore County West,7 Bloomsbury Avenue,zFacilities
Mosaic,,Baltimore County West,73 Winters Lane,Residential Rehab
Mosaic,,Baltimore County West,73 Winters Lane,zFacilities
Mosaic,,Baltimore County West,7509 Inwood Ave,Residential Rehab
Mosaic,,Baltimore County West,7509 Inwood Ave,zFacilities
Mosaic,,Baltimore County West,758 Charing Cross Rd,Residential Rehab
Mosaic,,Baltimore County West,758 Charing Cross Rd,zFacilities
Mosaic,,Baltimore County West,760 Charing Cross Rd,Residential Rehab
Mosaic,,Baltimore County West,760 Charing Cross Rd,zFacilities
Mosaic,,Carroll County,255 Clinfton Blvd. Ste 204,Get Connected
Mosaic,,Carroll County,288 East Green Street,Community Employment Program
Mosaic,,Carroll County,288 East Green Street,Food Services
Mosaic,,Carroll County,288 East Green Street,OMHC
Mosaic,,Carroll County,288 East Green Street,Psych Rehab Program (Day)
Mosaic,,Carroll County,288 East Green Street,Residential Rehab
Mosaic,,Carroll County,288 East Green Street,Transportation
Mosaic,,Carroll County,288 East Green Street,UR
Mosaic,,Carroll County,288 East Green Street,zFacilities
Mosaic,,Carroll County,309 Church Ct,Residential Rehab
Mosaic,,Carroll County,309 Church Ct,zFacilities
Mosaic,,Carroll County,311 Church Ct,Residential Rehab
Mosaic,,Carroll County,311 Church Ct,zFacilities
Mosaic,,Carroll County,313 Church Ct,Residential Rehab
Mosaic,,Carroll County,313 Church Ct,zFacilities
Mosaic,,Carroll County,315 Church Ct,Residential Rehab
Mosaic,,Carroll County,315 Church Ct,zFacilities
Mosaic,,Carroll County,47-49 Pennsylvania Ave,Residential Rehab
Mosaic,,Carroll County,47-49 Pennsylvania Ave,zFacilities
Mosaic,,Carroll County,93 S. Church St.,Residential Rehab
Mosaic,,Carroll County,93 S. Church St.,zFacilities
Mosaic,,Carroll County,94 Liberty St,Residential Rehab
Mosaic,,Carroll County,94 Liberty St,zFacilities
Mosaic,,Carroll County,95 S. Church St.,Residential Rehab
Mosaic,,Carroll County,95 S. Church St.,zFacilities
Mosaic,,Carroll County,96 Liberty St,Residential Rehab
Mosaic,,Carroll County,96 Liberty St,zFacilities
Mosaic,,Carroll County,98 Liberty St,Residential Rehab
Mosaic,,Carroll County,98 Liberty St,zFacilities
Mosaic,,Harford County,1040 Hardees Dr Ste F,ACT
Mosaic,,Harford County,1040 Hardees Dr Ste F,Health Home
Mosaic,,Harford County,1216 Magness Court,Residential Rehab
Mosaic,,Harford County,1216 Magness Court,zFacilities
Mosaic,,Harford County,1218 Magness Court,Residential Rehab
Mosaic,,Harford County,1218 Magness Court,Residential Rehab
Mosaic,,Harford County,1218 Magness Court,zFacilities
Mosaic,,Harford County,1218 Magness Court,zFacilities
Mosaic,,Harford County,128 Waldon Rd. Apt. C,Residential Rehab
Mosaic,,Harford County,128 Waldon Rd. Apt. C,zFacilities
Mosaic,,Harford County,128 Waldon Rd. Apt. J,Residential Rehab
Mosaic,,Harford County,128 Waldon Rd. Apt. J,zFacilities
Mosaic,,Harford County,128 Waldon Rd. Apt. K,Residential Rehab
Mosaic,,Harford County,128 Waldon Rd. Apt. K,zFacilities
Mosaic,,Harford County,128 Waldon Rd. Apt.L,Residential Rehab
Mosaic,,Harford County,128 Waldon Rd. Apt.L,zFacilities
Mosaic,,Harford County,130 Waldon Rd. Apt. H,Residential Rehab
Mosaic,,Harford County,130 Waldon Rd. Apt. H,zFacilities
Mosaic,,Harford County,1313 Foxglove Square,Residential Rehab
Mosaic,,Harford County,1313 Foxglove Square,zFacilities
Mosaic,,Harford County,1315 Foxglove Square,Residential Rehab
Mosaic,,Harford County,1315 Foxglove Square,zFacilities
Mosaic,,Harford County,4417 Perkins Place,Residential Rehab
Mosaic,,Harford County,4417 Perkins Place,zFacilities
Mosaic,,Harford County,4503 Perkins Place,Residential Rehab
Mosaic,,Harford County,4503 Perkins Place,zFacilities
Mosaic,,Harford County,4503 Perkins Place,zFacilities
Mosaic,,Harford County,4510 Wharf Point Court,Community Employment Program
Mosaic,,Harford County,4510 Wharf Point Court,Food Services
Mosaic,,Harford County,4510 Wharf Point Court,Health Home
Mosaic,,Harford County,4510 Wharf Point Court,PRP-Child
Mosaic,,Harford County,4510 Wharf Point Court,Psych Rehab Program (Day)
Mosaic,,Harford County,4510 Wharf Point Court,Residential Rehab
Mosaic,,Harford County,4510 Wharf Point Court,Transportation
Mosaic,,Harford County,4510 Wharf Point Court,UR
Mosaic,,Harford County,4510 Wharf Point Court,zFacilities
Mosaic,,Harford County,4515 Perkins Place,Residential Rehab
Mosaic,,Harford County,4515 Perkins Place,zFacilities
Mosaic,,Harford County,4542 Perkins Place,Residential Rehab
Mosaic,,Harford County,4542 Perkins Place,zFacilities
Mosaic,,Harford County,4545 Perkins Place,Residential Rehab
Mosaic,,Harford County,4545 Perkins Place,zFacilities
Mosaic,,Montgomery County,640 East Diamond Ave Ste B,Addiction Treatment Services
Way Station,,Carroll,7255 Woodbine Rd,Residential Rehabilitation Program
Way Station,,Frederick,10 N. Maryland Ave #A,Residential Rehabilitation Program
Way Station,,Frederick,10 N. Maryland Ave #B,Residential Rehabilitation Program
Way Station,,Frederick,10 N. Maryland Ave #C,Residential Rehabilitation Program
Way Station,,Frederick,10 N. Maryland Ave #D,Residential Rehabilitation Program
Way Station,,Frederick,100 E 3rd St #5,Residential Rehabilitation Program
Way Station,,Frederick,100 E. 3rd St #1,Residential Rehabilitation Program
Way Station,,Frederick,100 E. 3rd St #2,Residential Rehabilitation Program
Way Station,,Frederick,100 E. 3rd St #3,Residential Rehabilitation Program
Way Station,,Frederick,100 E. 3rd St #4,Residential Rehabilitation Program
Way Station,,Frederick,100 E. 3rd St #6,Residential Rehabilitation Program
Way Station,,Frederick,100 E. 3rd St #7,Residential Rehabilitation Program
Way Station,,Frederick,100 E. 3rd St #8,Residential Rehabilitation Program
Way Station,,Frederick,1005 Wilson Place,Residential Rehabilitation Program
Way Station,,Frederick,10304 Putman Road,Camp Journey
Way Station,,Frederick,10304 Putman Road,C&A 1915i
Way Station,,Frederick,10304 Putman Road,C&A 1915i
Way Station,,Frederick,114 E 5th St #A,Residential Rehabilitation Program
Way Station,,Frederick,114 E 5th St #B,Residential Rehabilitation Program
Way Station,,Frederick,120 E. South St #A,Residential Rehabilitation Program
Way Station,,Frederick,120 E. South St #B,Residential Rehabilitation Program
Way Station,,Frederick,120 E. South St #C,Residential Rehabilitation Program
Way Station,,Frederick,120 E. South St #D,Residential Rehabilitation Program
Way Station,,Frederick,120 E. South St #E,Residential Rehabilitation Program
Way Station,,Frederick,1543 Andover Lane,Residential Rehabilitation Program
Way Station,,Frederick,1543 Andover Lane,DDA Residential
Way Station,,Frederick,1625 Shookstown Rd,Mobile Crisis
Way Station,,Frederick,1625 Shookstown Rd,Crisis Plan
Way Station,,Frederick,1625 Shookstown Rd,Residential Crisis-if ct RRP do placement disrupt
Way Station,,Frederick,1625 Shookstown Rd,Residential Crisis Care Day
Way Station,,Frederick,"1625 Shookstown Rd, bsmt",Residential Rehabilitation Program
Way Station,,Frederick,1634 Colonial Way,Residential Rehabilitation Program
Way Station,,Frederick,164 Key Parkway,Residential Rehabilitation Program
Way Station,,Frederick,1654 Colonial Way,Residential Rehabilitation Program
Way Station,,Frederick,1775 Carriage Way,Residential Rehabilitation Program
Way Station,,Frederick,184 Key Parkway,Residential Rehabilitation Program
Way Station,,Frederick,187 Fairfield Dr,Residential Rehabilitation Program
Way Station,,Frederick,199 Greenway Dr,Residential Rehabilitation Program
Way Station,,Frederick,2 Norva Ave,DDA Residential
Way Station,,Frederick,2 Norva Ave,Residential Rehabilitation Program
Way Station,,Frederick,2 Vienna Court,Residential Rehabilitation Program
Way Station,,Frederick,205 E. 8th St,Residential Rehabilitation Program
Way Station,,Frederick,"205 S. Jefferson Street, # 1",Residential Rehabilitation Program
Way Station,,Frederick,"205 S. Jefferson Street, # 2",DDA Residential
Way Station,,Frederick,"205 S. Jefferson Street, # 2",Residential Rehabilitation Program
Way Station,,Frederick,"205 S. Jefferson Street, # 3",Residential Rehabilitation Program
Way Station,,Frederick,"205 S. Jefferson Street, # 4",Residential Rehabilitation Program
Way Station,,Frederick,"205 S. Jefferson Street, # 5",Residential Rehabilitation Program
Way Station,,Frederick,"205 S. Jefferson Street, # 6",Residential Rehabilitation Program
Way Station,,Frederick,"205 S. Jefferson Street, # 7",Residential Rehabilitation Program
Way Station,,Frederick,"2102 Whitehall Road, BB",Residential Rehabilitation Program
Way Station,,Frederick,217 E. Potomac St #A,Residential Rehabilitation Program
Way Station,,Frederick,217 E. Potomac St #B,Residential Rehabilitation Program
Way Station,,Frederick,217 E. Potomac St #C,Residential Rehabilitation Program
Way Station,,Frederick,217 E. Potomac St #D,Residential Rehabilitation Program
Way Station,,Frederick,"221 S Jefferson Street, # 1",Residential Rehabilitation Program
Way Station,,Frederick,"221 S Jefferson Street, # 2",Residential Rehabilitation Program
Way Station,,Frederick,"221 S Jefferson Street, # 3",Residential Rehabilitation Program
Way Station,,Frederick,"221 S Jefferson Street, # 5 Office",Residential Rehabilitation Program
Way Station,,Frederick,"221 S Jefferson Street, # 6",Residential Rehabilitation Program
Way Station,,Frederick,"221 S Jefferson Street, # 7",Residential Rehabilitation Program
Way Station,,Frederick,"221 S Jefferson Street, # 8",Residential Rehabilitation Program
Way Station,,Frederick,221 Savage Road,DDA Residential
Way Station,,Frederick,230 W. Patrick Street,Food Program
Way Station,,Frederick,230 W. Patrick Street,Benefits Counseling
Way Station,,Frederick,230 W. Patrick Street,Substance Use Disorder Services
Way Station,,Frederick,230 W. Patrick Street,Residential Rehabilitation Program Hold for DC
Way Station,,Frederick,230 W. Patrick Street,Day Program - Adult/Community Integration
Way Station,,Frederick,230 W. Patrick Street,Community Employment
Way Station,,Frederick,230 W. Patrick Street,Transitional Visitors Program
Way Station,,Frederick,230 W. Patrick Street,Residential Rehabilitation Program
Way Station,,Frederick,230 W. Patrick Street,Supported Living
Way Station,,Frederick,230 W. Patrick Street,Health Home Services
Way Station,,Frederick,230 W. Patrick Street,MD PROMISE YOUTH
Way Station,,Frederick,230 W. Patrick Street,DDA Community Employment
Way Station,,Frederick,230 W. Patrick Street,Healthy Transitions
Way Station,,Frederick,230 W. Patrick Street,MD PROMISE FAMILY MEMBER
Way Station,,Frederick,230 W. Patrick Street,I IMR
Way Station,,Frederick,230 W. Patrick Street,DDA Community Learning Services
Way Station,,Frederick,230 W. Patrick Street,DDA Individual Support Services (ISS) Case Mgmt
Way Station,,Frederick,230 W. Patrick Street,DDA Individual Support Services (ISS)
Way Station,,Frederick,230 W. Patrick Street,Medication Monitoring Services
Way Station,,Frederick,230 W. Patrick Street,DDA Day Program - Pathways ISS/ND
Way Station,,Frederick,230 W. Patrick Street,Rehab Plan
Way Station,,Frederick,"234 Carroll Parkway, # A",Residential Rehabilitation Program
Way Station,,Frederick,"234 Carroll Parkway, # B",Residential Rehabilitation Program
Way Station,,Frederick,"234 Carroll Parkway, # C",Residential Rehabilitation Program
Way Station,,Frederick,235 W. South Street,Residential Rehabilitation Program
Way Station,,Frederick,236 Carroll Parkway,Residential Rehabilitation Program
Way Station,,Frederick,240 W. Patrick St #A,Residential Rehabilitation Program
Way Station,,Frederick,240 W. Patrick St #B,Residential Rehabilitation Program
Way Station,,Frederick,240 W. Patrick St #D,Residential Rehabilitation Program
Way Station,,Frederick,240 W. South Street #A (1),Residential Rehabilitation Program
Way Station,,Frederick,240 W. South Street #C (21),Residential Rehabilitation Program
Way Station,,Frederick,240 W. South Street #E (31),Residential Rehabilitation Program
Way Station,,Frederick,240 W. South Street #F (32),Residential Rehabilitation Program
Way Station,,Frederick,249 W. Patrick Street,Assertive Community Treatment
Way Station,,Frederick,255 W. Patrick St #B,Residential Rehabilitation Program
Way Station,,Frederick,255 W. Patrick St #C,Residential Rehabilitation Program
Way Station,,Frederick,286 Dill Ave #B,Residential Rehabilitation Program
Way Station,,Frederick,286 Dill Ave #D,Residential Rehabilitation Program
Way Station,,Frederick,312 N. Market St #A,Residential Rehabilitation Program
Way Station,,Frederick,312 N. Market St #C,Residential Rehabilitation Program
Way Station,,Frederick,312 N. Market St #E,Residential Rehabilitation Program
Way Station,,Frederick,312 N. Market St #G,Residential Rehabilitation Program
Way Station,,Frederick,318 Thomas Ave,Residential Rehabilitation Program
Way Station,,Frederick,334 W. Patrick St #C,Residential Rehabilitation Program
Way Station,,Frederick,334 W. Patrick St #D,Residential Rehabilitation Program
Way Station,,Frederick,403 S. Market St,Residential Rehabilitation Program
Way Station,,Frederick,428 Banksia Drive,DDA Residential
Way Station,,Frederick,428 Banksia Drive Unit 2,DDA Residential
Way Station,,Frederick,430 White Oak Pl,Residential Rehabilitation Program
Way Station,,Frederick,495 Carrollton Dr,Residential Rehabilitation Program
Way Station,,Frederick,500 Schley Ave,Residential Rehabilitation Program
Way Station,,Frederick,519 Sage Hen Way,DDA Residential
Way Station,,Frederick,519 Sage Hen Way,Residential Rehabilitation Program
Way Station,,Frederick,525 Hollyberry Way,Residential Rehabilitation Program
Way Station,,Frederick,540 Logan St,Residential Rehabilitation Program
Way Station,,Frederick,59 Apple Way,Residential Rehabilitation Program
Way Station,,Frederick,6 Vienna Court,Residential Rehabilitation Program
Way Station,,Frederick,610 N. Market St #C,Residential Rehabilitation Program
Way Station,,Frederick,610 N. Market St #D,Residential Rehabilitation Program
Way Station,,Frederick,614 Military Rd,Residential Rehabilitation Program
Way Station,,Frederick,615 Himes Ave #104,Residential Rehabilitation Program
Way Station,,Frederick,7 West 3rd St #A,Residential Rehabilitation Program
Way Station,,Frederick,7 West 3rd St #B,Residential Rehabilitation Program
Way Station,,Frederick,7 West 3rd St #C,Residential Rehabilitation Program
Way Station,,Frederick,7 West 3rd St #D,Residential Rehabilitation Program
Way Station,,Frederick,7 West 3rd St #E,Residential Rehabilitation Program
Way Station,,Frederick,7 West 3rd St #F,Residential Rehabilitation Program
Way Station,,Frederick,787 Cromwell Court,Residential Rehabilitation Program
Way Station,,Frederick,8394 Dream Pl,Residential Rehabilitation Program
Way Station,,Howard,6045 Bauman Drive,Residential Rehabilitation Program
Way Station,,Howard,6210 Hopewell Drive,Residential Rehabilitation Program
Way Station,,Howard,6355 Woodside Court,Outpatient Mental Health Clinic
Way Station,,Howard,6451 Loudon Avenue,Residential Rehabilitation Program
Way Station,,Howard,6655 Sykesville Road Cottage III,Segue
Way Station,,Howard,6655 Sykesville Road Cottage IV,Segue II
Way Station,,Howard,8282 Savage Guilford Rd,Residential Rehabilitation Program
Way Station,,Howard,8282 Savage Guilford Rd,Residential Rehabilitation Program
Way Station,,Howard,"9030 Route 108, Suite A",Supported Living
Way Station,,Howard,"9030 Route 108, Suite A",Medication Monitoring Services
Way Station,,Howard,"9030 Route 108, Suite A",Transitional Visitors Program
Way Station,,Howard,"9030 Route 108, Suite A",Outpatient Mental Health Clinic
Way Station,,Howard,"9030 Route 108, Suite A",Day Program - Adult/Community Integration
Way Station,,Howard,"9030 Route 108, Suite A",Residential Rehabilitation Program Hold for DC
Way Station,,Howard,"9030 Route 108, Suite A",Perkins Transition
Way Station,,Howard,"9030 Route 108, Suite A",Residential Rehabilitation Program
Way Station,,Howard,"9030 Route 108, Suite A",Health Home Services
Way Station,,Howard,"9030 Route 108, Suite A",Assertive Community Treatment
Way Station,,Howard,"9030 Route 108, Suite A",Food Program
Way Station,,Howard,"9030 Route 108, Suite A",I IMR
Way Station,,Howard,"9030 Route 108, Suite A",Community Employment
Way Station,,Howard,"9030 Route 108, Suite A",Benefits Counseling
Way Station,,Howard,"9030 Route 108, Suite A",Rapid Access Program
Way Station,,Howard,9568 Joey Drive,Residential Crisis-if ct RRP do placement disrupt
Way Station,,Howard,9568 Joey Drive,Residential Crisis Care Day
Way Station,,Washington,11026 Eastwood Drive,Residential Rehabilitation Program
Way Station,,Washington,121 Memorial Ave,Benefits Counseling
Way Station,,Washington,121 Memorial Ave,Community Employment
Way Station,,Washington,203 West Wilson Boulevard,Residential Rehabilitation Program
Way Station,,Washington,205 West Wilson Boulevard,Residential Rehabilitation Program
Way Station,,Washington,229 West Wilson Boulevard,Residential Rehabilitation Program
Way Station,,Washington,231 West Wilson Boulevard,Residential Rehabilitation Program
Way Station,,Washington,237 West Wilson Boulevard,Residential Rehabilitation Program
Way Station,,Washington,239 West Wilson Boulevard,Residential Rehabilitation Program
Way Station,,Washington,25 E North Ave,Veterans Housing Program
Way Station,,Washington,25 East North Ave,Veterans Housing Program
Way Station,,Washington,25 East North Ave,Veterans Employment
Way Station,,Washington,328 N. Potomac Street,Day Program - Adult/Community Integration
Way Station,,Washington,328 N. Potomac Street,Healthy Transitions
Way Station,,Washington,328 N. Potomac Street,Community Employment Individual Placement Support
Way Station,,Washington,328 N. Potomac Street,Medication Monitoring Services
Way Station,,Washington,328 N. Potomac Street,Community Employment
Way Station,,Washington,328 N. Potomac Street,Health Home Services
Way Station,,Washington,328 N. Potomac Street,Benefits Counseling
Way Station,,Washington,328 N. Potomac Street,Residential Rehabilitation Program Hold for DC
Way Station,,Washington,328 N. Potomac Street,I IMR
Way Station,,Washington,328 N. Potomac Street,Supported Living
Way Station,,Washington,328 N. Potomac Street,Food Program
Way Station,,Washington,328 N. Potomac Street,Outpatient Mental Health Clinic
Way Station,,Washington,328 N. Potomac Street,Homeless Outreach
Way Station,,Washington,328 N. Potomac Street,Veterans Housing Program
Way Station,,Washington,328 N. Potomac Street,Mobile Crisis
Way Station,,Washington,328 N. Potomac Street,Assertive Community Treatment
Way Station,,Washington,328 N. Potomac Street,Substance Use Disorder Services
Way Station,,Washington,328 N. Potomac Street,Residential Rehabilitation Program
Way Station,,Washington,717 Medway Road,Residential Rehabilitation Program
Way Station,,Washington,719 Medway Road,Residential Rehabilitation Program
Way Station,,Washington,817 Summit Avenue,Residential Rehabilitation Program
Way Station,,Frederick,2 Norva Ave,Commercial Building
Way Station,,Frederick,1543 Andover Lane,Commercial Building
Way Station,,Frederick,206 West Patrick Street,Commercial Building
Way Station,,Frederick,217 W. Patrick Street,Commercial Building
Way Station,,Frederick,219 W. Patrick Street,Commercial Building
Way Station,,Frederick,228 W. Patrick Street,Commercial Building
Way Station,,Frederick,230 W. Patrick Street,Commercial Building
Way Station,,Frederick,238 W. Patrick Street,Commercial Building
Way Station,,Frederick,249 W. Patrick Street,Commercial Building
Way Station,,Frederick,10304 Putman Road,Commercial Building
Way Station,,Howard,"9030 Route 108, Suite A",Commercial Building
Way Station,,Frederick,232 W. Patrick St.-Rear Cabins,Commercial Building
Way Station,,Washington,340 N. Potomac Street,Commercial Building
Way Station,,Frederick,227-229 W. Patrick Street,Commercial Building
Way Station,,Frederick,210 Abrecht Place,Commercial Building
Way Station,,Washington,328 N. Potomac Street,Commercial Building
Way Station,,Frederick,"249 W. Patrick St., Annex",Commercial Building
Way Station,,,2225 N. Charles Street,Commercial Building
Way Station,,Frederick,204 Abrecht Place,Commercial Building
Way Station,,Howard,9568 Joey Drive,Commercial Building
Way Station,,Howard,"9030 State Route 108, Clinic",Commercial Building
Way Station,,Frederick,202 Abrecht Place,Commercial Building
Way Station,,CARC,"6655 Sykesville Road, Cottage 4",Commercial Building
Way Station,,CARC,604 Solarex Court,Commercial Building
Way Station,,CARC,121 Memorial Avenue,Commercial Building
Sheppard Pratt ,Admissions & Access,Maryland,Maryland,Admissions Department
Sheppard Pratt ,Ancillary,Maryland,Maryland,Research
Sheppard Pratt ,Ancillary,Maryland,Maryland,Ellicott City - Radiology
Sheppard Pratt ,Ancillary,Maryland,Maryland,Ellicott City - Pharmacy
Sheppard Pratt ,Ancillary,Maryland,Maryland,Ellicott City - Laboratory
Sheppard Pratt ,Ancillary,Maryland,Maryland,GBMC 
Sheppard Pratt ,Ancillary,Maryland,Maryland,Electroconvulsive Therapy
Sheppard Pratt ,Ancillary,Maryland,Maryland,Towson - Radiology
Sheppard Pratt ,Ancillary,Maryland,Maryland,Towson - Laboratory
Sheppard Pratt ,Ancillary,Maryland,Maryland,Towson - Pharmacy 
Sheppard Pratt ,Ancillary,Maryland,Maryland,Department of Medicine
Sheppard Pratt ,Ancillary,Maryland,Maryland,TMS
Sheppard Pratt ,Ancillary,Maryland,Maryland,Therapy Referral Services
Sheppard Pratt ,Day Hospital,Maryland,Maryland,Ellicott City Day Hospital
Sheppard Pratt ,Day Hospital,Maryland,Maryland,Towson - Adult Day Hospital
Sheppard Pratt ,Day Hospital,Maryland,Maryland,Eating Disorders Day Hospital
Sheppard Pratt ,Day Hospital,Maryland,Maryland,Towson - Child and Adolescent Day Hospital
Sheppard Pratt ,Day Hospital,Maryland,Maryland,Towson - Sullivan Day Hospital
Sheppard Pratt ,Inpatient - Adult,Maryland,Maryland,TE - Adult Co-Occurring Disorders Unit 
Sheppard Pratt ,Inpatient - Adult,Maryland,Maryland,TG - Adult Crisis Stabilization Unit
Sheppard Pratt ,Inpatient - Adult,Maryland,Maryland,2H - Psychotic Disorders Unit
Sheppard Pratt ,Inpatient - Adult,Maryland,Maryland,2F - Young Adult Unit
Sheppard Pratt ,Inpatient - Adult,Maryland,Maryland,A7 - Intellectual Disabilities and Autism Unit
Sheppard Pratt ,Inpatient - Adult,Maryland,Maryland,Ellicott City Adult Inpatient Unit (63)
Sheppard Pratt ,Inpatient - Adult,Maryland,Maryland,Ellicott City Co-occurring Unit (71)
Sheppard Pratt ,Inpatient - Adult,Maryland,Maryland,Ellicott City Fenton Unit (70)
Sheppard Pratt ,Inpatient - CAU,Maryland,Maryland,Crisis Admissions Unit - Adult
Sheppard Pratt ,Inpatient - CAU,Maryland,Maryland,Crisis Admissions Unit - Minor
Sheppard Pratt ,Inpatient - Center for Eating Disorders,Maryland,Maryland,B1 - Eating Disorders Adult Unit
Sheppard Pratt ,Inpatient - Center for Eating Disorders,Maryland,Maryland,B5 - Eating Disorders Adolescent Unit
Sheppard Pratt ,Inpatient - Child and Adolescent,Maryland,Maryland,1G - Child Unit
Sheppard Pratt ,Inpatient - Child and Adolescent,Maryland,Maryland,1E - Adolescent Female Unit
Sheppard Pratt ,Inpatient - Child and Adolescent,Maryland,Maryland,1F - Adolescent Male Unit
Sheppard Pratt ,Inpatient - Child and Adolescent,Maryland,Maryland,1H - Adolescent Neuropsychiatric Unit
Sheppard Pratt ,Inpatient - Child and Adolescent,Maryland,Maryland,Ellicott City Adolescent Inpatient Unit (61)
Sheppard Pratt ,Inpatient - Geriatric,Maryland,Maryland,2E - Geropsychiatric Unit
Sheppard Pratt ,Inpatient - Geriatric,Maryland,Maryland,2G - Geriatric Neuropsychiatric Unit
Sheppard Pratt ,Inpatient - Trauma,Maryland,Maryland,A1 - Trauma Disorders Unit
Sheppard Pratt ,Non-Clinical,Maryland,Maryland,Ellicott City - Environmental Services
Sheppard Pratt ,Non-Clinical,Maryland,Maryland,Ellicott City - Plant Operations/Maintenance 
Sheppard Pratt ,Non-Clinical,Maryland,Maryland,Ellicott City - Food Services
Sheppard Pratt ,Non-Clinical,Maryland,Maryland,Ellicott City Campus
Sheppard Pratt ,Non-Clinical,Maryland,Maryland,Towson - Food Services 
Sheppard Pratt ,Non-Clinical,Maryland,Maryland,Towson Campus
Sheppard Pratt ,Non-Clinical,Maryland,Maryland,Towson - Plant Operations/Maintenance
Sheppard Pratt ,Non-Clinical,Maryland,Maryland,Towson - Environmental Services
Sheppard Pratt ,Outpatient,Maryland,Maryland,Behavioral Health Partners
Sheppard Pratt ,Outpatient,Maryland,Maryland,Resident Outpatient Clinic
Sheppard Pratt ,Outpatient,Maryland,Maryland,Transitional Aftercare Program (TAP)
Sheppard Pratt ,Outpatient,Maryland,Maryland,Urgent Assessment/Bridge
Sheppard Pratt ,Outpatient,Maryland,Maryland,Trauma Disorders Outpatient
Sheppard Pratt ,Outpatient,Maryland,Maryland,Neuropsychiatry Clinic
Sheppard Pratt ,Outpatient,Maryland,Maryland,Physician Personal Practice
Sheppard Pratt ,Outpatient,Maryland,Maryland,Trauma Disorders - IOP
Sheppard Pratt ,Outpatient,Maryland,Maryland,Eating Disorders IOP
Sheppard Pratt ,Outpatient,Maryland,Maryland,Crisis Referral Outpatient Program
Sheppard Pratt ,Outpatient,Maryland,Maryland,Telebehavorial
Sheppard Pratt ,Retreat,Maryland,Maryland,The Retreat at Sheppard Pratt
Sheppard Pratt ,Retreat,Maryland,Maryland,The Ruxton House
Sheppard Pratt ,RTC,Maryland,Maryland,Jefferson RTC - Other
Sheppard Pratt ,RTC,Maryland,Maryland,Mann RTC - Other
Sheppard Pratt ,RTC,Maryland,Maryland,Jefferson RTC - Burke House
Sheppard Pratt ,RTC,Maryland,Maryland,Jefferson RTC - Howell House
Sheppard Pratt ,RTC,Maryland,Maryland,Jefferson RTC - Lagemann House
Sheppard Pratt ,RTC,Maryland,Maryland,Jefferson RTC - Luetkemeyer House
Sheppard Pratt ,RTC,Maryland,Maryland,Jefferson RTC - Potomac House
Sheppard Pratt ,RTC,Maryland,Maryland,Jefferson RTC - Shenandoah House
Sheppard Pratt ,RTC,Maryland,Maryland,Mann RTC - A2
Sheppard Pratt ,RTC,Maryland,Maryland,Mann RTC - A5
Sheppard Pratt ,RTC,Maryland,Maryland,Mann RTC - A4
Sheppard Pratt ,RTC,Maryland,Maryland,Mann RTC - A6
Sheppard Pratt ,School,Maryland,Maryland,Forbush School at PG County
Sheppard Pratt ,School,Maryland,Maryland,Forbush School at Oakmont Upper School
Sheppard Pratt ,School,Maryland,Maryland,Forbush School at Hunt Valley 
Sheppard Pratt ,School,Maryland,Maryland,Frost School Oakmont Secondary Program
Sheppard Pratt ,School,Maryland,Maryland,Forbush School at Anne Arundel
Sheppard Pratt ,School,Maryland,Maryland,Forbush School at Anne Arundel South
Sheppard Pratt ,School,Maryland,Maryland,Forbush School at Frederick County
Sheppard Pratt ,School,Maryland,Maryland,Forbush School at Glyndon 
Sheppard Pratt ,School,Maryland,Maryland,Forbush School at Glyndon - Hannah More
Sheppard Pratt ,School,Maryland,Maryland,Hannah More at Severn River Middle School
Sheppard Pratt ,School,Maryland,Maryland,Hannah More at Severna Park High School
Sheppard Pratt ,School,Maryland,Maryland,Hannah More at Millersville Elementary School
Sheppard Pratt ,School,Maryland,Maryland,Jefferson School
Sheppard Pratt ,School,Maryland,Maryland,Jefferson School at Finan - Autism
Sheppard Pratt ,School,Maryland,Maryland,Jefferson School at Finan
Sheppard Pratt ,School,Maryland,Maryland,Mann Residential School
Sheppard Pratt ,School,Maryland,Maryland,The Frost School
Sheppard Pratt ,School,Maryland,Maryland,Frost School - Oakmont Primary Program